Well_Name,Observed,Simulated,Residual
Well 1,-0.96,-1.082349057,0.1223490570000001
Well 2,1.0,1.155301298,-0.15530129799999992
Well 3,1.89,2.148387197,-0.258387197
